cell_id,area,dff,dur,dist_to_soma,acq_dur
1,41.9628,0.250418,100,23.516804,1200
1,20.4612,0.20528081,40,9.544254,1200
1,35.4892,0.18889128,60,15.316352,1200
1,20.808,0.14241102,120,34.280125,1200
1,16.762,0.12813152,80,40.953384,1200
1,38.8416,0.12794025,40,3.0600002,1200
1,1.156,0.119596474,100,45.49366,1200
1,4.1616,0.115744166,100,21.744057,1200
1,1.0404,0.113239124,120,29.579998,1200
1,142.766,0.11169641,80,1.4573766,1200
1,2.0808,0.10647029,80,12.584594,1200
1,1.156,0.10520976,100,43.39666,1200
1,1.6184001,0.104769416,80,41.929043,1200
1,35.026802,0.09983342,40,11.561951,1200
1,1.3872,0.09975863,80,9.865861,1200
1,48.552002,0.09966097,60,24.916674,1200
1,1.0404,0.099270575,100,41.8352,1200
1,10.288401,0.09810904,100,11.679035,1200
1,1.3872,0.09341864,40,16.74306,1200
1,1.9652001,0.09294794,220,41.540077,1200
1,4.046,0.0899015,60,8.081708,1200
1,1.156,0.08617787,80,12.917454,1200
1,1.5028,0.08503663,40,12.579999,1200
1,13.6407995,0.08404396,180,19.807745,1200
1,2.4276,0.08380396,80,16.92162,1200
1,1.734,0.08264801,140,30.112556,1200
1,11.9068,0.08248892,120,42.528458,1200
1,2.312,0.08181155,100,27.2,1200
1,7.0516,0.08023426,100,12.54319,1200
1,6.8203998,0.078096665,180,13.756349,1200
1,16.6464,0.07809469,320,11.522527,1200
1,3.9304001,0.0779959,100,18.961863,1200
1,8.4388,0.077080764,40,14.141712,1200
1,1.0404,0.07686674,20,19.569946,1200
1,3.9304001,0.07542972,60,17.013596,1200
1,1.5028,0.075031064,60,14.635804,1200
1,1.2716,0.07420638,40,30.533817,1200
1,13.178401,0.07198962,40,29.186579,1200
1,2.312,0.06988352,100,41.175636,1200
1,2.4276,0.06953315,80,0,1200
1,3.9304001,0.06905872,180,40.636753,1200
1,14.9124,0.068984315,380,12.789769,1200
1,8.7856,0.06895199,80,12.559603,1200
1,1.3872,0.068724826,80,12.744332,1200
1,21.386002,0.06809043,80,10.822004,1200
1,5.0864,0.0677113,60,0,1200
1,3.1212,0.06759165,20,14.870871,1200
1,6.7047997,0.06414378,20,22.984604,1200
1,1.9652001,0.063382134,60,11.363327,1200
1,4.1616,0.061804824,180,30.548235,1200
1,19.8832,0.061710466,380,2.0400002,1200
1,1.2716,0.061618976,80,33.502342,1200
1,9.1324005,0.06073884,80,13.411697,1200
1,1.6184001,0.060108125,20,11.152829,1200
1,4.046,0.057756323,120,9.91262,1200
1,7.6296,0.054030247,180,19.47223,1200
1,4.624,0.051592164,100,30.14363,1200
1,4.046,0.051083397,60,0.02372093,1200
1,10.1728,0.050617903,300,27.69111,1200
2,39.0728,0.07161393,100,2.3916783,1200
2,73.406006,0.06836672,80,41.07617,1200
2,63.2332,0.1458783,80,28.584402,1200
2,34.102,0.07091758,340,0,1200
2,33.8708,0.056113962,380,51.972244,1200
2,19.9988,0.050689083,100,0,1200
2,24.5072,0.060875744,100,8.809415,1200
2,29.593601,0.066789135,200,5.1679726,1200
2,30.633999,0.05779782,540,40.416573,1200
2,27.397202,0.05078096,320,23.424364,1200
2,18.0336,0.052859303,100,0.048571426,1200
2,8.7856,0.059784852,80,0.32111108,1200
2,19.7676,0.05190307,180,14.812871,1200
2,33.7552,0.05973922,160,36.164883,1200
2,28.2064,0.07877745,220,36.34433,1200
2,12.4848,0.050532356,100,14.258952,1200
2,17.918001,0.08765609,180,51.394638,1200
2,12.947201,0.05432378,100,0.039230768,1200
2,8.67,0.06885653,220,22.0845,1200
2,8.67,0.068309516,100,0.30738074,1200
2,5.8956003,0.058329646,100,3.6776626,1200
2,13.6407995,0.059794795,80,9.232116,1200
2,9.363601,0.051650215,120,29.704794,1200
2,10.288401,0.067148715,320,21.223902,1200
2,13.5252,0.06814279,40,37.42163,1200
2,15.721601,0.06691508,180,42.466007,1200
2,12.600401,0.05100313,220,30.351551,1200
2,8.4388,0.056499496,300,0,1200
2,10.6352005,0.05998048,280,47.75495,1200
2,6.3580003,0.070358515,520,0,1200
2,9.7104,0.06760334,240,36.21439,1200
2,9.248,0.06351557,180,20.964521,1200
2,6.936,0.10749523,100,53.077038,1200
2,8.092,0.05332344,300,21.533783,1200
2,8.7856,0.05113342,140,0.33999997,1200
2,8.9012,0.06330198,80,26.073809,1200
2,11.6756,0.0534991,120,21.148438,1200
2,9.594801,0.056574855,120,29.681437,1200
2,4.7396,0.060123198,220,21.744055,1200
2,8.3232,0.070863605,60,35.10407,1200
2,4.5084,0.06613415,100,37.9083,1200
2,8.4388,0.060697194,120,0,1200
2,2.6588001,0.061694797,100,22.606804,1200
2,6.2424,0.055537313,240,38.06698,1200
2,4.5084,0.06013625,100,29.52328,1200
2,5.202,0.09631806,120,50.71759,1200
2,3.9304001,0.07651845,100,13.0689535,1200
2,7.2828,0.052708045,60,53.811375,1200
2,7.9764004,0.05915047,80,18.404022,1200
2,4.3928,0.068573266,80,31.873074,1200
2,3.5836,0.06494826,140,23.321623,1200
2,4.2772,0.07276575,80,16.29519,1200
2,5.4332004,0.0661811,100,11.738619,1200
2,4.5084,0.057852283,100,2.72,1200
2,5.0864,0.052168626,200,35.610844,1200
2,6.936,0.08181885,80,59.39781,1200
2,3.0056,0.05939234,40,21.226528,1200
2,3.468,0.07758496,120,27.839832,1200
2,3.468,0.060148586,60,13.471895,1200
2,4.046,0.087564625,100,0.09714286,1200
2,2.6588001,0.08081455,80,15.454321,1200
2,3.3523998,0.06429592,60,9.072331,1200
2,1.9652001,0.06154077,160,9.679918,1200
2,1.9652001,0.10915095,60,24.878153,1200
2,5.6644,0.07520141,120,38.33566,1200
2,3.3523998,0.082563534,60,45.61335,1200
2,2.7744,0.059175327,80,0.6071428,1200
2,2.312,0.06493776,80,7.3241496,1200
2,4.046,0.08665175,80,34.4878,1200
2,1.5028,0.13171776,160,24.857233,1200
2,2.0808,0.07093071,60,0.04857143,1200
2,3.0056,0.0705211,80,19.006578,1200
2,1.5028,0.076938026,80,17.709398,1200
2,1.8496001,0.06790358,60,13.32956,1200
2,2.4276,0.09511091,80,12.792396,1200
2,2.0808,0.09250744,60,37.283913,1200
2,1.6184001,0.067253485,80,11.709039,1200
2,2.1964,0.07559575,120,0,1200
2,1.734,0.07717761,40,2.38,1200
2,2.4276,0.055153627,80,19.188173,1200
2,2.1964,0.06266348,80,7.48,1200
2,2.1964,0.060270283,60,20.177164,1200
2,1.0404,0.10767902,140,0,1200
2,1.2716,0.06845652,40,9.034286,1200
2,1.6184001,0.076825164,100,38.685368,1200
2,1.2716,0.113519244,80,19.882542,1200
2,1.734,0.06598263,120,27.959616,1200
2,1.6184001,0.0599451,40,30.395647,1200
2,2.0808,0.07383073,80,26.539606,1200
2,1.0404,0.063420154,20,5.278219,1200
2,1.0404,0.07082037,20,19.825237,1200
3,25.3164,0.05670116,300,0,1200
3,27.5128,0.082150735,100,1.5371192,1200
3,17.6868,0.057956815,520,19.197714,1200
3,10.288401,0.06438679,80,27.167294,1200
3,5.6644,0.08069164,100,6.006932,1200
3,13.6407995,0.057959285,80,35.63518,1200
3,8.9012,0.0753525,60,24.672852,1200
3,12.0224,0.06310936,340,20.3939,1200
3,8.9012,0.10794505,100,4.6333456,1200
3,8.9012,0.06453885,80,5.6884766,1200
3,6.0112,0.057606872,80,33.44639,1200
3,11.3288,0.08601235,100,2.0741448,1200
3,4.624,0.069047034,80,26.550493,1200
3,7.8608003,0.05908719,80,28.962984,1200
3,10.5196,0.071310245,80,24.630651,1200
3,1.734,0.06817904,120,0,1200
3,8.5544,0.07583264,80,25.33014,1200
3,4.7396,0.07225815,60,71.08128,1200
3,5.202,0.08683966,60,26.15323,1200
3,6.3580003,0.056836717,80,0,1200
3,4.046,0.06323776,60,70.68316,1200
3,6.4736004,0.1039795,160,6.358016,1200
3,3.5836,0.12478725,160,18.884544,1200
3,6.5892005,0.07495534,80,4.452635,1200
3,3.1212,0.07025955,60,20.653263,1200
3,4.624,0.07121223,80,70.10822,1200
3,6.0112,0.07362604,100,28.81663,1200
3,3.9304001,0.11037459,100,17.645073,1200
3,4.3928,0.079311274,60,26.419594,1200
3,2.89,0.072061844,40,69.8789,1200
3,4.624,0.056835186,100,4.966154,1200
3,2.312,0.06828042,40,67.65317,1200
3,4.9708,0.10806786,60,3.4169576,1200
3,3.2368002,0.08493376,60,20.251322,1200
3,2.6588001,0.061539926,60,43.78746,1200
3,1.9652001,0.084990844,40,4.772127,1200
3,3.5836,0.14892808,80,NA,1200
3,1.8496001,0.08282688,80,20.51686,1200
3,1.8496001,0.075374074,60,71.3579,1200
3,2.312,0.105866045,60,27.738667,1200
3,1.3872,0.0922531,40,28.73963,1200
3,3.1212,0.0833725,60,68.69941,1200
3,2.6588001,0.08251747,60,27.548395,1200
3,2.7744,0.0737965,100,5.194579,1200
3,3.0056,0.079299316,40,29.346552,1200
3,1.6184001,0.09953173,80,5.7182593,1200
3,1.5028,0.08538409,40,4.868059,1200
3,1.5028,0.07532389,60,28.140007,1200
3,1.2716,0.08351691,60,4.08,1200
3,1.2716,0.08571823,80,9.051529,1200
3,1.156,0.08813037,60,4.42,1200
3,1.156,0.09385908,60,4.42,1200
3,1.156,0.07362611,40,29.65026,1200
4,32.7148,0.06793546,320,39.426193,1200
4,68.0884,0.20707841,60,3.0410526,1200
4,15.1436,0.056480587,280,16.728003,1200
4,17.1088,0.06630613,320,45.440357,1200
4,10.288401,0.064979926,80,24.427767,1200
4,7.0516,0.062297136,80,62.053516,1200
4,8.3232,0.08085715,380,38.288883,1200
4,9.594801,0.059042454,280,22.047882,1200
4,9.248,0.07546673,100,41.820004,1200
4,4.1616,0.057342645,80,7.74284,1200
4,6.936,0.05192291,40,42.63063,1200
4,6.4736004,0.07380354,60,14.736605,1200
4,3.1212,0.057697903,80,9.092617,1200
4,1.9652001,0.054640856,60,65.54909,1200
4,3.8148,0.06407043,80,22.102615,1200
4,3.6992002,0.073505275,60,21.783892,1200
4,2.7744,0.06872822,100,60.868534,1200
4,3.6992002,0.06505254,100,50.498634,1200
4,2.312,0.06423849,40,9.865861,1200
4,2.5432,0.068645775,60,22.802824,1200
4,1.2716,0.08819637,100,5.0200405,1200
4,2.7744,0.0710448,60,39.094086,1200
4,2.4276,0.06158005,60,45.06855,1200
4,3.1212,0.07221578,40,25.217365,1200
4,2.5432,0.07597834,120,53.72968,1200
4,2.7744,0.061080568,60,77.6273,1200
4,2.6588001,0.102121964,80,NA,1200
4,1.2716,0.0762123,160,42.124004,1200
4,2.1964,0.07204754,60,23.196339,1200
4,2.0808,0.097971246,60,55.44607,1200
4,1.5028,0.10590059,120,49.374977,1200
4,1.6184001,0.07699977,40,23.129997,1200
4,1.8496001,0.08444985,40,52.70987,1200
4,1.0404,0.07481438,40,74.53759,1200
5,83.0008,0.1135217,80,0,1200
5,58.8404,0.09907545,40,8.685409,1200
5,2.6588001,0.061742514,60,5.0544624,1200
5,4.046,0.067112856,100,0,1200
5,1.0404,0.0672008,40,2.7411678,1200
5,1.156,0.072569795,20,7.6933217,1200
6,4.1616,0.050780255,80,0,1200
6,6.3580003,0.122533515,100,2.1770623,1200
6,7.2828,0.06096783,60,1.0751745,1200
6,1.5028,0.06951864,60,2.8037114,1200
7,5.202,0.03939755,260,34.386734,1200
7,1.9652001,0.053230513,100,0.34000003,1200
7,3.2368002,0.05317588,100,0.8216667,1200
7,3.8148,0.0558218,100,17.942854,1200
7,2.6588001,0.047339503,20,0.7352203,1200
7,1.3872,0.059294466,100,8.839999,1200
7,1.734,0.055515353,140,32.19336,1200
7,2.5432,0.055129,40,21.220928,1200
7,2.312,0.05745856,60,3.078831,1200
7,1.8496001,0.048885748,80,23.769802,1200
7,1.156,0.07375616,40,1.02,1200
8,7.5140004,0.06426969,100,4.380831,1200
8,14.1032,0.06618976,120,32.995766,1200
8,4.5084,0.055488713,100,4.3102837,1200
8,7.2828,0.059774317,300,0,1200
8,2.4276,0.061895747,60,0,1200
8,3.8148,0.07288663,100,35.13403,1200
8,6.7047997,0.051953264,80,0.12142857,1200
8,5.8956003,0.06440364,80,28.661743,1200
8,3.1212,0.053817026,140,14.348647,1200
8,4.624,0.062804766,80,10.238487,1200
8,4.5084,0.053954836,60,0,1200
8,1.9652001,0.054668266,80,0.6799999,1200
8,2.6588001,0.060114734,80,0,1200
8,3.6992002,0.06507162,20,0,1200
8,3.1212,0.07600615,80,3.2255232,1200
8,1.8496001,0.061813533,80,33.32174,1200
8,3.1212,0.0798494,100,16.784971,1200
8,1.5028,0.072778456,80,0.6799999,1200
8,2.312,0.07736646,40,33.363342,1200
9,14.6812,0.06123806,40,0,600
9,49.361202,0.069248155,30,9.204731,600
9,30.5184,0.07595608,30,7.5494666,600
9,35.3736,0.061963324,70,13.605001,600
9,3.5836,0.061842725,270,14.199999,600
9,20.4612,0.0635854,30,0,600
9,13.409599,0.06507007,80,NA,600
9,10.404,0.06670894,30,0,600
9,3.3523998,0.067865826,40,0,600
9,2.312,0.054412447,20,20.617014,600
9,2.5432,0.082381316,40,0,600
9,2.4276,0.06931017,50,NA,600
9,1.6184001,0.066396624,30,15.82005,600
9,1.5028,0.067448646,20,21.637468,600
9,1.156,0.050537042,20,3.1346452,600
10,10.6352005,0.053607237,40,2.7461228,600
10,6.1268,0.05239889,50,22.813488,600
10,7.9764004,0.061344996,160,13.536356,600
10,3.3523998,0.0661475,40,24.195143,600
10,2.89,0.057326578,30,26.528706,600
10,3.5836,0.0681011,90,12.603653,600
10,3.1212,0.0580426,40,8.455533,600
10,1.8496001,0.057211228,30,19.510784,600
10,2.6588001,0.058525275,90,22.694355,600
10,1.9652001,0.05786011,50,7.6026316,600
10,4.046,0.052148573,30,0.38013157,600
10,2.4276,0.068383306,150,10.77587,600
10,2.1964,0.064691916,20,11.495475,600
10,2.4276,0.07538458,80,5.7423306,600
10,2.89,0.056035217,50,19.30431,600
10,2.89,0.0618945,10,10.250874,600
10,1.156,0.07186738,20,23.168882,600
11,60.4588,0.085277356,40,0.90598994,600
11,7.9764004,0.07049571,160,7.073947,600
11,51.6732,0.05147117,40,0.65749854,600
11,10.6352005,0.061467435,90,6.67994,600
11,30.056002,0.0836871,340,8.204891,600
11,34.7956,0.05875715,40,0.6927549,600
11,28.2064,0.067661494,40,0,600
11,24.622799,0.08829867,30,0,600
11,23.582401,0.07611176,250,8.701663,600
11,16.9932,0.06328944,40,0,600
11,16.068401,0.05812201,30,2.5282125,600
11,22.3108,0.29970598,50,0,600
11,18.496,0.059820347,230,6.4087496,600
11,14.6812,0.05048593,50,4.8547945,600
11,12.947201,0.12229137,310,8.207556,600
11,14.5656,0.102918334,40,0.48083258,600
11,19.3052,0.058902074,40,9.101448,600
11,12.600401,0.06917548,50,0.061818182,600
11,22.1952,0.065489374,30,0.3348612,600
11,11.791201,0.10315775,200,8.627003,600
11,10.1728,0.07341655,40,3.0410528,600
11,6.8203998,0.10982555,50,17.866238,600
11,9.0168,0.08442417,30,0.49085534,600
11,6.5892005,0.072983615,50,6.1010895,600
11,6.3580003,0.054548167,40,9.016159,600
11,7.2828,0.13417488,50,11.462408,600
11,8.2076,0.14928858,110,11.488357,600
11,12.2536,0.081841424,50,1.9698219,600
11,9.0168,0.07783339,40,0.116083264,600
11,9.4792,0.061081108,30,0.59236133,600
11,4.5084,0.09591484,150,9.110309,600
11,5.8956003,0.07964238,50,7.192383,600
11,5.8956003,0.09843501,50,13.12439,600
11,4.5084,0.08546724,60,10.58924,600
11,5.5488,0.08131936,40,0.6168261,600
11,4.046,0.10496229,110,6.773907,600
11,5.3176003,0.0813393,50,6.6799397,600
11,4.8552,0.08591736,200,7.6357565,600
11,3.468,0.09968789,190,7.4815354,600
11,4.046,0.08276098,30,NA,600
11,4.624,0.08455219,50,12.782594,600
11,3.5836,0.1350703,100,10.689195,600
11,6.8203998,0.069698036,30,NA,600
11,1.734,0.086938955,70,20.115221,600
11,1.9652001,0.07348068,60,11.791575,600
11,3.5836,0.10695713,30,2.2807894,600
11,2.1964,0.073723815,30,22.100004,600
11,1.734,0.08183008,30,6.129437,600
11,3.1212,0.07554825,20,1.401856,600
11,3.3523998,0.10234738,50,9.336081,600
11,3.2368002,0.09279039,50,7.115931,600
11,1.8496001,0.09787314,80,8.445426,600
11,3.0056,0.09387476,30,6.2704754,600
11,4.9708,0.09427176,30,0.51841664,600
11,1.5028,0.096463166,290,12.993729,600
11,1.2716,0.12773982,150,11.874208,600
11,2.1964,0.08441675,30,12.802176,600
11,1.5028,0.1836442,200,9.577523,600
11,2.89,0.079757825,30,0,600
11,3.6992002,0.07269305,20,0,600
11,2.4276,0.085587114,40,3.6776626,600
11,1.3872,0.061635844,20,9.1231575,600
11,2.312,0.10335739,30,12.867642,600
11,1.2716,0.101746075,60,6.9813337,600
11,2.6588001,0.058976937,30,6.351724,600
11,1.734,0.07063244,50,4.5615788,600
11,1.156,0.28078538,50,10.805369,600
11,1.156,0.09145756,20,8.581212,600
11,1.0404,0.24067307,40,5.4506145,600
11,1.5028,0.07116959,30,12.54319,600
11,1.2716,0.099026516,20,8.774372,600
11,1.3872,0.078728065,20,0.76026314,600
11,1.0404,0.13083252,30,3.8013155,600
11,1.156,0.06411277,10,9.428489,600
12,69.1288,0.085155465,20,18.828457,600
12,2.4276,0.060182057,240,35.61572,600
12,2.89,0.050247908,10,0,600
12,1.5028,0.06548816,20,23.204847,600
13,56.066,0.062190153,120,0,600
13,49.5924,0.052985914,100,0.13787596,600
13,123.80761,0.06938486,20,0.88516164,600
13,49.13,0.0787523,30,0,600
13,46.1244,0.058515448,30,0.17,600
13,28.2064,0.06360933,60,0.037777778,600
13,23.3512,0.07243303,30,0,600
13,24.5072,0.06840809,20,0,600
13,28.4376,0.06836549,20,2.803712,600
13,20.808,0.06399297,20,0,600
13,12.0224,0.074807286,120,NA,600
13,4.3928,0.07362703,20,0,600
13,7.5140004,0.06577002,20,0,600
13,6.7047997,0.08326608,20,0,600
13,2.89,0.05376324,20,13.308405,600
13,5.6644,0.06397639,30,0,600
13,4.9708,0.07383991,10,5.4823356,600
13,4.3928,0.07452702,30,0,600
13,2.5432,0.060165796,30,0,600
14,17.34,0.0644863,30,17.423134,600
15,4.8552,0.051569916,50,19.236885,600
15,1.734,0.06166347,40,4.1082363,600
16,2.89,0.057775915,110,1.3600001,600
16,2.312,0.073468424,50,49.67841,600
16,3.1212,0.05555028,50,18.438536,600
17,2.5432,0.055375062,100,14.963866,600
17,1.5028,0.06336353,20,0,600
17,2.6588001,0.054582432,10,7.323824,600
17,1.2716,0.06501406,10,18.896784,600
18,28.322,0.11484104,40,12.924474,600
18,28.7844,0.097775035,20,10.975209,600
18,29.478003,0.06844261,20,21.783892,600
18,33.7552,0.090604864,20,3.4000003,600
18,12.369201,0.06432029,60,26.598345,600
18,4.1616,0.07502701,40,1.48,600
18,11.2132,0.062106133,20,18.02,600
18,3.5836,0.0736822,40,17.667103,600
18,3.1212,0.044499077,40,0,600
18,1.9652001,0.057417214,10,8.608112,600
18,1.2716,0.06299123,30,16.323542,600
19,7.7452,0.05348668,50,37.28187,600
19,17.1088,0.05251261,40,6.3084245,600
19,3.0056,0.056488365,30,0,600
19,5.3176003,0.056091715,50,7.713929,600
19,3.5836,0.060924374,20,31.619999,600
19,2.7744,0.058614496,50,1.1466261,600
19,6.936,0.06984174,50,23.116293,600
19,4.1616,0.06052954,100,39.62254,600
19,14.1032,0.06670434,20,8.411136,600
19,2.312,0.05236518,50,45.71324,600
19,6.0112,0.069421664,30,NA,600
19,2.5432,0.06839988,30,8.820364,600
19,1.8496001,0.066232584,30,6.053055,600
19,2.5432,0.06310422,40,12.902093,600
19,1.9652001,0.08084473,40,39.205215,600
19,1.3872,0.076290324,30,41.243313,600
19,1.0404,0.07548147,30,43.067413,600
19,1.156,0.08928066,20,9.205185,600
20,12.947201,0.13502997,60,NA,600
20,1.2716,0.091678105,150,60.0527,600
20,1.6184001,0.07508922,10,61.57662,600
20,1.9652001,0.07406979,60,NA,600
20,143.11281,0.07390972,60,22.276665,600
20,1.8496001,0.07336014,20,44.883232,600
20,1.6184001,0.068582594,30,0.48083284,600
20,2.1964,0.067948975,30,40.82266,600
20,2.5432,0.06369479,60,56.826622,600
20,6.4736004,0.062476538,50,61.28309,600
20,1.156,0.061729964,10,0.68,600
20,4.1616,0.061336946,250,38.060497,600
20,2.0808,0.060793836,10,11.564999,600
20,2.7744,0.059710134,30,18.703093,600
20,7.0516,0.05899441,30,1.4018557,600
20,4.1616,0.05773054,30,49.493305,600
20,8.092,0.053969637,140,52.000465,600
20,1.734,0.05367284,30,0,600
21,10.404,0.055419005,128.4,40.529938,770.4
21,4.9708,0.06527035,19.26,45.03556,770.4
21,5.6644,0.052211978,32.1,21.760002,770.4
21,3.6992002,0.071756326,57.78,0,770.4
21,2.4276,0.089232095,115.56,27.797585,770.4
21,2.0808,0.06518896,32.1,3.0498512,770.4
21,2.89,0.085743904,64.2,2.9190123,770.4
21,1.5028,0.056200385,19.26,0,770.4
21,1.0404,0.075533845,25.68,25.556608,770.4
21,1.156,0.09794486,32.1,28.000185,770.4
21,2.0808,0.06283478,6.42,6.934666,770.4
21,1.156,0.07460424,25.68,0,770.4
21,1.0404,0.08670985,19.26,NA,770.4
21,1.2716,0.06345635,12.84,3.5371428,770.4
22,3.2368002,0.051912233,12.84,11.900001,770.4
23,10.0572,0.05054602,57.78,13.115505,770.4
23,5.3176003,0.05221075,64.2,22.074566,770.4
23,5.3176003,0.05702503,32.1,12.353337,770.4
23,3.8148,0.07738341,32.1,13.253187,770.4
23,1.734,0.060779955,44.940002,17.797302,770.4
23,9.594801,0.060934924,6.42,19.45442,770.4
23,2.89,0.06721317,19.26,17.797302,770.4
23,1.734,0.097969905,19.26,12.77604,770.4
24,7.6296,0.09458686,256.8,9.67847,770.4
24,5.8956003,0.09945617,121.98,10.083611,770.4
24,11.9068,0.12002923,141.24,31.464237,770.4
24,19.8832,0.05211531,19.26,8.608112,770.4
24,11.4444,0.05844703,12.84,11.604913,770.4
24,3.6992002,0.1748997,256.8,38.450607,770.4
24,4.2772,0.09412389,211.86,10.452969,770.4
24,12.4848,0.07360439,19.26,10.250873,770.4
24,4.3928,0.08467498,96.3,5.482335,770.4
24,3.468,0.14015071,64.2,32.478455,770.4
24,7.9764004,0.06585948,25.68,11.22515,770.4
24,12.716001,0.060763143,12.84,11.604913,770.4
24,2.1964,0.08326464,51.36,6.3329964,770.4
24,2.312,0.08743367,12.84,2.150349,770.4
24,2.89,0.08368527,89.880005,9.984781,770.4
24,2.1964,0.13507655,32.1,16.030884,770.4
24,2.4276,0.14727266,160.5,34.98167,770.4
24,3.9304001,0.05918937,19.26,21.11808,770.4
24,1.156,0.07302791,19.26,1.0200003,770.4
24,3.468,0.1135854,25.68,12.192749,770.4
24,2.0808,0.1389081,38.52,14.96,770.4
24,4.5084,0.06520212,25.68,32.22968,770.4
24,1.734,0.15271643,134.82,36.645275,770.4
24,2.7744,0.06000962,19.26,20.010958,770.4
24,2.1964,0.16601962,64.2,37.472713,770.4
24,2.312,0.09458094,128.4,15.5457945,770.4
24,3.3523998,0.08181003,32.1,13.6,770.4
24,3.9304001,0.05322119,12.84,8.741373,770.4
24,2.5432,0.115079254,12.84,7.339591,770.4
24,2.89,0.08926958,44.940002,35.725895,770.4
24,2.0808,0.092104755,12.84,19.847794,770.4
24,1.8496001,0.1444863,64.2,15.64,770.4
24,2.0808,0.12058384,32.1,14.2817335,770.4
24,1.5028,0.09130534,32.1,14.382226,770.4
24,1.734,0.14001976,57.78,36.38,770.4
24,1.3872,0.12401336,25.68,11.943635,770.4
24,1.734,0.13180178,57.78,11.825704,770.4
24,1.8496001,0.19120395,64.2,34.804066,770.4
24,1.156,0.15903756,25.68,34.543064,770.4
24,1.8496001,0.134779,57.78,14.284047,770.4
24,2.0808,0.08294779,32.1,10.519789,770.4
24,1.6184001,0.08830677,12.84,16.93869,770.4
24,1.6184001,0.22263865,44.940002,38.279675,770.4
24,1.3872,0.095074244,19.26,8.002649,770.4
24,1.734,0.1276079,25.68,12.504018,770.4
24,1.156,0.106975295,25.68,12.74442,770.4
24,1.734,0.106542155,12.84,10.927708,770.4
24,1.5028,0.07327721,12.84,1.1128527,770.4
24,1.3872,0.11404779,19.26,12.484422,770.4
24,1.2716,0.207798,57.78,38.383167,770.4
24,1.156,0.13263342,44.940002,NA,770.4
24,1.2716,0.07670053,19.26,0,770.4
24,1.156,0.09153096,12.84,23.733843,770.4
24,1.0404,0.08804117,19.26,13.26,770.4
24,1.156,0.09776847,19.26,4.260188,770.4
24,1.3872,0.10833996,6.42,5.0544634,770.4
24,1.3872,0.14069493,12.84,34.526325,770.4
24,1.0404,0.06980262,12.84,70.17933,770.4
25,33.639603,0.083465315,19.26,12.282426,770.4
25,2.0808,0.080883056,25.68,44.357944,770.4
25,2.6588001,0.0562961,25.68,37.41391,770.4
25,7.1672,0.0723983,12.84,31.62,770.4
25,1.3872,0.065365806,12.84,41.48,770.4
25,1.156,0.056478947,6.42,46.251247,770.4
25,1.2716,0.07018,6.42,6.346667,770.4
25,1.0404,0.067389555,12.84,41.485577,770.4
25,1.156,0.0718654,12.84,49.734226,770.4
26,23.8136,0.06829424,40,12.472387,600
26,5.4332004,0.070936725,70,11.875694,600
26,4.046,0.06565069,150,15.417082,600
26,5.78,0.05059254,20,16.525715,600
26,3.6992002,0.07210241,130,17,600
26,3.8148,0.075113535,90,0.16039528,600
26,2.312,0.11436124,60,14.296184,600
26,1.5028,0.07404768,10,28.129732,600
26,1.6184001,0.069143295,40,0.1275,600
26,1.5028,0.09178421,10,14.093089,600
27,5.4332004,0.05930389,20,27.074339,600
27,26.01,0.09161236,20,13.839546,600
27,13.409599,0.06231164,10,15.090792,600
27,6.3580003,0.062101096,20,28.350782,600
27,11.9068,0.05890488,10,16.023346,600
27,2.312,0.061425876,10,33.363342,600
28,26.356802,0.079602,30,18.737055,600
28,21.732801,0.077228196,30,23.580416,600
28,5.6644,0.05899341,20,0,600
28,2.5432,0.053464558,110,0.01,600
28,1.6184001,0.053224634,20,26.32092,600
28,5.0864,0.055209007,10,9.574487,600
28,1.8496001,0.052411094,10,0.34,600
29,4.046,0.055665355,100,17.502567,600
29,18.9584,0.089267,40,33.33561,600
29,2.312,0.053896375,40,8.976257,600
29,3.2368002,0.059710573,50,13.203216,600
29,2.4276,0.05303204,90,39.29712,600
29,3.2368002,0.05794811,100,5.8495812,600
29,1.6184001,0.060341913,50,33.347744,600
29,3.5836,0.070589945,40,34.34168,600
29,1.734,0.060122766,40,31.454292,600
29,2.6588001,0.06538473,130,25.339443,600
29,1.8496001,0.07390467,30,17.839476,600
29,2.1964,0.057187848,20,40.190533,600
29,1.734,0.06948421,40,25.860126,600
29,1.2716,0.062174954,50,18.777115,600
29,2.1964,0.06359367,130,6.426764,600
29,1.734,0.06697014,70,0,600
29,1.5028,0.07678732,30,38.42374,600
29,1.3872,0.063117154,20,0.45333332,600
29,1.734,0.081267945,30,35.706474,600
30,4.8552,0.0645344,30,3.3658283,600
30,4.3928,0.076713614,40,42.889893,600
30,2.5432,0.06611844,20,1.7000005,600
30,3.5836,0.066592336,40,46.018936,600
30,2.5432,0.05867143,70,24.829313,600
30,2.312,0.082288444,40,46.28248,600
30,2.1964,0.1001222,30,46.971043,600
31,167.62,0.15263695,50,29.257292,600
31,90.16801,0.13117144,20,31.733448,600
31,66.7012,0.14968003,40,31.405844,600
31,15.837201,0.07011974,40,9.991967,600
31,17.6868,0.06937965,190,32.515,600
31,55.372402,0.09163187,30,49.481667,600
31,14.6812,0.05972137,50,NA,600
31,16.6464,0.057324804,30,58.893166,600
31,10.0572,0.076637045,180,48.62476,600
31,10.6352005,0.08967378,40,7.788719,600
31,8.67,0.071748145,140,5.3503003,600
31,22.6576,0.23775448,20,44.81566,600
31,11.791201,0.06770028,50,55.842167,600
31,11.791201,0.07422956,90,32.044273,600
31,6.8203998,0.0536203,100,0,600
31,12.831601,0.07222948,40,7.0456166,600
31,10.288401,0.09475917,50,14.647099,600
31,5.8956003,0.06401056,140,0.056666665,600
31,4.2772,0.06305395,50,0,600
31,6.7047997,0.0677477,40,7.777275,600
31,4.7396,0.06514137,90,7.480001,600
31,10.6352005,0.075275935,40,8.978942,600
31,5.78,0.05112811,40,0,600
31,7.2828,0.072192416,30,38.237938,600
31,6.5892005,0.06568582,50,25.744375,600
31,6.5892005,0.13477446,100,NA,600
31,3.3523998,0.12306193,40,5.15391,600
31,7.3984003,0.10597328,30,66.450516,600
31,4.5084,0.09172658,50,15.144247,600
31,1.156,0.069603175,20,47.003845,600
31,4.8552,0.06667446,50,48.598206,600
31,3.0056,0.056897372,30,45.56055,600
31,2.6588001,0.0749417,20,59.163906,600
31,4.7396,0.10896308,40,15.64,600
31,2.312,0.11476424,50,5.2124515,600
31,4.046,0.08275264,30,12.528761,600
31,3.3523998,0.06872586,50,29.282328,600
31,1.9652001,0.07940188,40,41.825527,600
31,1.9652001,0.093342714,40,0,600
31,1.0404,0.07266066,20,67.34146,600
31,2.1964,0.06629755,20,9.236493,600
31,1.3872,0.069160074,50,12.52789,600
31,1.3872,0.11349887,30,9.42734,600
31,1.156,0.07711524,30,54.430794,600
31,1.2716,0.12259557,40,5.607424,600
31,1.5028,0.066875115,20,1.830956,600
31,1.156,0.07313424,40,66.64347,600
